"","var","estimate","statistic","p.value","conf.low","conf.high","method","alternative","padjust"
"1","Verrucomicrobia",6.42803609761385e-05,54,0.670405295509648,-4.37621197637545e-05,4.86606461864124e-06,"Wilcoxon rank sum test with continuity correction","two.sided",0.670405295509648
"2","Actinobacteria",-0.0131069459917562,11,0.00208924202732252,-0.0495589204790533,-0.00425088542075689,"Wilcoxon rank sum exact test","two.sided",0.0104462101366126
"3","Proteobacteria",-0.0470184980680975,23,0.0432570525449782,-0.105323840413445,-0.00113970547087699,"Wilcoxon rank sum exact test","two.sided",0.0720950875749637
"4","Bacteroidetes",0.229137186728848,77,0.0432570525449782,0.00928587891594473,0.460740052839011,"Wilcoxon rank sum exact test","two.sided",0.0720950875749637
"5","Firmicutes",-0.0988403553886094,35,0.279861005867198,-0.28392435371013,0.0926495606916261,"Wilcoxon rank sum exact test","two.sided",0.349826257333997
