"","DCA1","DCA2","DCA3","DCA4"
"Gradient length",1.03974740338067,0.951636319849261,0.660535906680994,0.555096260146493
