"","ID","ratio"
"1","KO",41.3793103448276
"2","OE",33.3333333333333
"3","WT",41.4728682170543
